{"train_losses": [0.5126264095306396, 0.6643804311752319, 0.5617409348487854, 0.44757941365242004, 0.41344717144966125, 0.39153680205345154, 0.37243807315826416, 0.24617132544517517, 0.09454497694969177, 0.20240770280361176], "test_losses": [0.1521064043045044, 0.027106424793601036, 0.964596152305603, 0.1466781049966812, 0.062301233410835266, 0.02954326570034027, 2.925971746444702, 0.07574186474084854, 1.311301275563892e-06, 0.0034143980592489243], "train_accuracy": [35100, 35100, 35100, 35100, 35100, 35100, 35100, 35100, 35100, 35100, 35100, 35100, 35100, 35100, 35100, 35100, 35100, 35100, 35100, 35100, 35100, 35100, 35100, 35100, 35100, 35100, 35100, 35100, 35100, 35100, 35100, 35100, 35100, 35100, 35100, 35100, 35100, 35100, 35100, 35100, 35100, 35100, 35100, 35100, 35100, 35100, 35100, 35100, 35100, 35100, 35100, 35100, 35100, 35100, 35100, 35100, 35100, 35100, 35100, 35100, 35100, 35100, 35100, 35100, 35100, 35100, 35100, 35100, 35100, 35100, 35100, 35100, 35100, 35100, 35100, 35100, 35100, 35100, 35100, 35100, 35100, 35100, 35100, 35100, 35100, 35100, 35100, 35100, 35100, 35100, 35100, 35100, 35100, 35100, 35100, 35100, 35100, 35100, 35100, 35100, 35100, 35100, 35100, 35100, 35100, 35100, 35100, 35100, 35100, 35100, 35100, 35100, 35100, 35100, 35100, 35100, 35100, 35100, 35100, 35100, 35100, 35100, 35100, 35100, 35100, 35100, 35100, 35100, 35100, 35100, 35100, 35100, 35100, 35100, 35100, 35100, 35100, 35100, 35100, 35100, 35100, 35100, 35100, 35100, 35100, 35100, 35100, 35100, 35100, 35100, 35100, 35100, 35100, 35100, 35100, 35100, 35100, 35100, 35100, 35100, 35100, 35100, 35100, 35100, 35100, 35100, 35100, 35100, 35100, 35100, 35100, 35100, 35100, 35100, 35100, 35100, 35100, 35100, 35100, 35100, 35100, 35100, 35100, 35100, 35100, 35100, 35100, 35100, 35100, 35100, 35100, 35100, 35100, 35100, 35100, 35100, 35100, 35100, 35100, 35100, 35100, 35100, 35100, 35100, 35100, 35100, 35100, 35100, 35100, 35100, 35100, 35100, 35100, 35100, 35100, 35100, 35100, 35100, 35100, 35100, 35100, 35100, 35100, 35100, 35100, 35100, 35100, 35100, 35100, 35100, 35100, 35100, 35100, 35100, 35100, 35100, 35100, 35100, 35100, 35100, 35100, 35100, 35100, 35100, 35100, 35100, 35100, 35100, 35100, 35100, 35100, 35100, 35100, 35100, 35100, 35100, 35100, 35100, 35100, 35100, 35100, 35100, 35100, 35100, 35100, 35100, 35100, 35100, 35100, 35100, 35100, 35100, 35100, 35100, 35100, 35100, 35100, 35100, 35100, 35100, 35100, 35100, 35100, 35100, 35100, 35100, 35100, 35100, 35100, 35100, 35100, 35100, 35100, 35100, 35100, 35100, 35100, 35100, 35100, 35100, 35100, 35100, 35100, 35100, 35100, 35100, 35100, 35100, 35100, 35100, 35100, 35100, 35100, 35100, 35100, 35100, 35100, 35100, 35100, 35100, 35100, 35100, 35100, 35100, 35100, 35100, 35100, 35100, 35100, 35100, 35100, 35100, 35100, 35100, 35100, 35100, 35100, 35100, 35100, 35100, 35100, 35100, 35100, 35100, 35100, 35100, 35100, 35100, 35100, 35100, 35100, 35100, 35100, 35100, 35100, 35100, 35100, 35100, 35100, 35100, 35100, 35100, 35100, 35100, 35100, 35100, 35100, 35100, 35100, 35100, 35100, 35100, 35100, 35100, 35100], "test_accuracy": [4877, 4877, 4877, 4877, 4877, 4877, 4877, 4877, 4877, 4877, 4877, 4877, 4877, 4877, 4877, 4877, 4877, 4877, 4877, 4877, 4877, 4877, 4877, 4877, 4877, 4877, 4877, 4877, 4877, 4877, 4877, 4877, 4877, 4877, 4877, 4877, 4877, 4877, 4877, 4877, 4877, 4877, 4877, 4877, 4877, 4877, 4877, 4877, 4877, 4877, 4877, 4877, 4877, 4877, 4877, 4877, 4877, 4877, 4877, 4877, 4877, 4877, 4877, 4877, 4877, 4877, 4877, 4877, 4877, 4877, 4877, 4877, 4877, 4877, 4877, 4877, 4877, 4877, 4877, 4877, 4877, 4877, 4877, 4877, 4877, 4877, 4877, 4877, 4877, 4877, 4877, 4877, 4877, 4877, 4877, 4877, 4877, 4877, 4877, 4877, 4877, 4877, 4877, 4877, 4877, 4877, 4877, 4877, 4877, 4877, 4877, 4877, 4877, 4877, 4877, 4877, 4877, 4877, 4877, 4877, 4877, 4877, 4877, 4877, 4877, 4877, 4877, 4877, 4877, 4877, 4877, 4877, 4877, 4877, 4877, 4877, 4877, 4877, 4877, 4877, 4877, 4877, 4877, 4877, 4877, 4877, 4877, 4877, 4877, 4877, 4877, 4877, 4877, 4877, 4877, 4877, 4877, 4877, 4877, 4877, 4877, 4877, 4877, 4877, 4877, 4877, 4877, 4877, 4877, 4877, 4877, 4877, 4877, 4877, 4877, 4877, 4877, 4877, 4877, 4877, 4877, 4877, 4877, 4877, 4877, 4877, 4877, 4877, 4877, 4877, 4877, 4877, 4877, 4877, 4877, 4877, 4877, 4877, 4877, 4877, 4877, 4877, 4877, 4877, 4877, 4877, 4877, 4877, 4877, 4877, 4877, 4877, 4877, 4877, 4877, 4877, 4877, 4877, 4877, 4877, 4877, 4877, 4877, 4877, 4877, 4877, 4877, 4877, 4877, 4877, 4877, 4877, 4877, 4877, 4877, 4877, 4877, 4877, 4877, 4877, 4877, 4877, 4877, 4877, 4877, 4877, 4877, 4877, 4877, 4877, 4877, 4877, 4877, 4877, 4877, 4877, 4877, 4877, 4877, 4877, 4877, 4877, 4877, 4877, 4877, 4877, 4877, 4877, 4877, 4877, 4877, 4877, 4877, 4877, 4877, 4877, 4877, 4877, 4877, 4877, 4877, 4877, 4877, 4877, 4877, 4877, 4877, 4877, 4877, 4877, 4877, 4877, 4877, 4877, 4877, 4877, 4877, 4877, 4877, 4877, 4877, 4877, 4877, 4877, 4877, 4877, 4877, 4877, 4877, 4877, 4877, 4877, 4877, 4877, 4877, 4877, 4877, 4877, 4877, 4877, 4877, 4877, 4877, 4877, 4877, 4877, 4877, 4877, 4877, 4877, 4877, 4877, 4877, 4877, 4877, 4877, 4877, 4877, 4877, 4877, 4877, 4877, 4877, 4877, 4877, 4877, 4877, 4877, 4877, 4877, 4877, 4877, 4877, 4877, 4877, 4877, 4877, 4877, 4877, 4877, 4877, 4877, 4877, 4877, 4877, 4877, 4877, 4877, 4877, 4877, 4877, 4877, 4877, 4877, 4877, 4877, 4877, 4877, 4877, 4877, 4877, 4877, 4877, 4877, 4877, 4877, 4877, 4877, 4877, 4877, 4877, 4877, 4877, 4877, 4877, 4877, 4877, 4877, 4877, 4877, 4877, 4877, 4877, 4877, 4877, 4877, 4877, 4877, 4877, 4877, 4877, 4877, 4877, 4877, 4877, 4877, 4877, 4877, 4877, 4877, 4877, 4877, 4877, 4877, 4877, 4877, 4877, 4877, 4877, 4877, 4877, 4877, 4877, 4877, 4877, 4877, 4877, 4877, 4877, 4877, 4877, 4877, 4877, 4877, 4877, 4877, 4877, 4877, 4877, 4877, 4877, 4877, 4877, 4877, 4877, 4877, 4877, 4877, 4877, 4877, 4877, 4877, 4877, 4877, 4877, 4877, 4877, 4877, 4877, 4877, 4877, 4877, 4877, 4877, 4877, 4877, 4877, 4877, 4877, 4877, 4877, 4877, 4877, 4877, 4877, 4877, 4877, 4877, 4877, 4877, 4877, 4877, 4877, 4877, 4877, 4877, 4877, 4877, 4877, 4877, 4877, 4877, 4877, 4877, 4877, 4877, 4877, 4877, 4877, 4877, 4877, 4877, 4877, 4877, 4877, 4877, 4877, 4877, 4877, 4877, 4877, 4877, 4877, 4877, 4877, 4877, 4877, 4877, 4877, 4877, 4877, 4877, 4877, 4877, 4877, 4877, 4877, 4877, 4877, 4877, 4877, 4877, 4877, 4877, 4877, 4877, 4877, 4877, 4877, 4877, 4877, 4877, 4877, 4877, 4877, 4877, 4877, 4877, 4877, 4877, 4877, 4877, 4877, 4877, 4877, 4877, 4877, 4877, 4877, 4877, 4877, 4877, 4877, 4877, 4877, 4877, 4877, 4877, 4877, 4877, 4877, 4877, 4877, 4877, 4877, 4877, 4877, 4877, 4877, 4877, 4877, 4877, 4877, 4877, 4877, 4877, 4877, 4877, 4877, 4877, 4877, 4877, 4877, 4877, 4877, 4877, 4877, 4877, 4877, 4877, 4877, 4877, 4877, 4877, 4877, 4877, 4877, 4877, 4877, 4877, 4877, 4877, 4877, 4877, 4877, 4877], "epochs": 10, "time": 10917.296193122864}